Menu Mix Item Sales,,,,,,,,
,,,,,,,,
,,,,,,,,
 ,,,,,,,,
  ID,Short Name,Chit Name,,Central Mesa,,,,
Central Mesa 130,Open Beer,OPEN BEER,,0.00,,,,
0.00 150,Open Wine,OPEN WINE,,0.00,,,,
0.00 170,Open Liquor,OPEN LIQUOR,,0.00,,,,
0.00 10001,Ceviche,Ceviche,,0.00,,,,
0.00 10002,SW Wraps,SW Rolls,,0.00,,,,
0.00 10003,Nachos,Nachos,,30.00,,,,
30.00 10004,Queso Dip,Queso App,,14.00,,,,
14.00 10005,Street Corn,St Corn App,,36.00,,,,
36.00 10006,Guac Dip,Guac App,,126.00,,,,
126.00 10007,Salsa Dip,Salsa App,,36.00,,,,
36.00 10008,Chips & Salsa,Chips & Salsa,,0.00,,,,
0.00 10009,Refill Salsa,Refill Salsa,,0.00,,,,
0.00 10010,Chorizo Queso,Chorizo Queso,,170.00,,,,
170.00 10011,Taquitos,Taquitos,,56.00,,,,
56.00 10012,Loyalty Salsa,Salsa,,0.00,,,,
0.00 10013,***APPS***,***APPS***,,0.00,,,,
0.00 10014,***APPS***,***APPS***,,0.00,,,,
0.00 10015,***APPS***,***APPS***,,0.00,,,,
0.00 10016,Dip Trio,Dip Trio,,44.00,,,,
44.00 11000,***SOUPS***,***SOUPS***,,0.00,,,,
0.00 11001,B-Chx Tort Soup,Chx Tort Bowl,,0.00,,,,
0.00 11002,B-Blk Bean Soup,Bean Soup Bowl,,0.00,,,,
0.00 11003,B-Chorizo Chili,Chili Bowl,,0.00,,,,
0.00 11004,C-Chk Tortilla,Chx Tort Cup,,0.00,,,,
0.00 11005,C-Blk Bean Soup,Bean Soup Cup,,0.00,,,,
0.00 11006,C-Chorizo Chili,Chili Cup,,0.00,,,,
0.00 11007,***SOUPS***,***SOUPS***,,0.00,,,,
0.00 11008,***SOUPS***,***SOUPS***,,0.00,,,,
0.00 11009,***SOUPS***,***SOUPS***,,0.00,,,,
0.00 11010,***SOUPS***,***SOUPS***,,0.00,,,,
0.00 11011,***SOUPS***,***SOUPS***,,0.00,,,,
0.00 11012,***SOUPS***,***SOUPS***,,0.00,,,,
0.00 11013,***SOUPS***,***SOUPS***,,0.00,,,,
0.00 11014,***SOUPS***,***SOUPS***,,0.00,,,,
0.00 11015,***SOUPS***,***SOUPS***,,0.00,,,,
0.00 12000,***SALADS***,***SALADS***,,0.00,,,,
0.00 12001,Caesar Salad,Caesar Salad,,9.00,,,,
9.00 12002,Santa Fe Salad,Santa Fe Salad,,60.00,,,,
60.00 12003,Side Salad,Side Salad,,0.00,,,,
0.00 12004,Side Caesar,Side Caesar,,0.00,,,,
0.00 12005,Summer Salad,Summer Salad,,0.00,,,,
0.00 12006,Half Caesar,Half Caesar,,0.00,,,,
0.00 12007,Half Santa Fe,Half Santa Fe,,0.00,,,,
0.00 12008,Half Summer,Half Summer,,0.00,,,,
0.00 12009,***SALADS***,***SALADS***,,0.00,,,,
0.00 12010,***SALADS***,***SALADS***,,0.00,,,,
0.00 12011,***SALADS***,***SALADS***,,0.00,,,,
0.00 12012,***SALADS***,***SALADS***,,0.00,,,,
0.00 12013,***SALADS***,***SALADS***,,0.00,,,,
0.00 12014,***SALADS***,***SALADS***,,0.00,,,,
0.00 12015,***SALADS***,***SALADS***,,0.00,,,,
0.00 13001,Street Taco,Street Taco,,0.00,,,,
0.00 13002,Steak Taco,Steak Taco,,60.00,,,,
60.00 13003,Chorizo Taco,Chorizo Taco,,8.00,,,,
8.00 13004,Chicken Taco,Chicken Taco,,36.00,,,,
36.00 13005,Carnitas Taco,Carnitas Taco,,0.00,,,,
0.00 13006,Mahi Taco,Mahi Taco,,28.00,,,,
28.00 13007,Veggie Taco,Veggie Taco,,0.00,,,,
0.00 13008,Mahi Taco Plate,Mahi Taco Plate,,144.00,,,,
144.00 13009,Chor Taco Plate,Chor Taco Plate,,60.00,,,,
60.00 13010,Chicken Chalupa,Chicken Chalupa,,56.00,,,,
56.00 13011,Stk Taco Plate,Stk Taco Plate,,176.00,,,,
176.00 13012,Add Mahi Taco,Add Mahi Taco,,0.00,,,,
0.00 13013,Add Chor Taco,Add Chor Taco,,5.00,,,,
5.00 13014,Add Chkn Taco,Add Chkn Taco,,0.00,,,,
0.00 13015,Add Steak Taco,Add Steak Taco,,0.00,,,,
0.00 14000,**ENTREES**,**ENTREES**,,0.00,,,,
0.00 14001,Stfd Burrito,Burrito,,187.00,,,,
187.00 14002,Machete Qdilla,Machete,,323.00,,,,
323.00 14003,Enchiladas,Enchiladas,,238.00,,,,
238.00 14004,Cuban,Cuban,,90.00,,,,
90.00 14005,Tostadas,Tostadas,,70.00,,,,
70.00 14006,Chimichanga,Chimichanga,,135.00,,,,
135.00 14007,Rice Bowl,Rice Bowl,,238.00,,,,
238.00 14008,Chihua Pasta,Pasta,,0.00,,,,
0.00 14009,Flatbread,Flat Bread,,0.00,,,,
0.00 14010,West Stk Sand,West Stk Sand,,0.00,,,,
0.00 14011,SW Chk Sand,SW Chk Sand,,0.00,,,,
0.00 14012,BBQ Sand,BBQ Sand,,0.00,,,,
0.00 14013,The Club,The Club,,0.00,,,,
0.00 14014,Half West Stk,Half West Stk,,0.00,,,,
0.00 14015,Half South Chk,Half South Chk,,0.00,,,,
0.00 14016,Half BBQ Sand,Half BBQ Sand,,0.00,,,,
0.00 14017,Half Club,Half Club,,0.00,,,,
0.00 14018,Half Cuban,Half Cuban,,0.00,,,,
0.00 14019,Pick 2,Pick 2,,0.00,,,,
0.00 14020,Pick 3,Pick 3,,0.00,,,,
0.00 14023,Chx Quesadilla,Quesadilla,,210.00,,,,
210.00 14024,Scotty,Scotty,,0.00,,,,
0.00 14025,Chz Quesadilla,Chz Quesadilla,,0.00,,,,
0.00 14026,**ENTREES**,**ENTREES**,,0.00,,,,
0.00 14027,**ENTREES**,**ENTREES**,,0.00,,,,
0.00 14028,**ENTREES**,**ENTREES**,,0.00,,,,
0.00 14029,**ENTREES**,**ENTREES**,,0.00,,,,
0.00 14030,**ENTREES**,**ENTREES**,,0.00,,,,
0.00 14031,**ENTREES**,**ENTREES**,,0.00,,,,
0.00 14032,**ENTREES**,**ENTREES**,,0.00,,,,
0.00 14033,**ENTREES**,**ENTREES**,,0.00,,,,
0.00 14034,**ENTREES**,**ENTREES**,,0.00,,,,
0.00 14035,**ENTREES**,**ENTREES**,,0.00,,,,
0.00 14036,**ENTREES**,**ENTREES**,,0.00,,,,
0.00 14037,**ENTREES**,**ENTREES**,,0.00,,,,
0.00 14038,**ENTREES**,**ENTREES**,,0.00,,,,
0.00 14039,**ENTREES**,**ENTREES**,,0.00,,,,
0.00 14040,**ENTREES**,**ENTREES**,,0.00,,,,
0.00 14041,**ENTREES**,**ENTREES**,,0.00,,,,
0.00 14042,**ENTREES**,**ENTREES**,,0.00,,,,
0.00 14043,Stk and Eggs,Stk and Eggs,,0.00,,,,
0.00 14044,Brunch Bowl,Brunch Bowl,,0.00,,,,
0.00 14045,Brunch Melt,Brunch Melt,,0.00,,,,
0.00 14046,Hot Waffles,Hot Waffles,,0.00,,,,
0.00 14047,Hot Tacos,Hot Tacos,,0.00,,,,
0.00 14048,Huevos,Huevos,,0.00,,,,
0.00 14049,Brunch Burrito,Brunch Burrito,,0.00,,,,
0.00 14050,Chilaquiles,Chilaquiles,,0.00,,,,
0.00 50000,**BEER**,**BEER**,,0.00,,,,
0.00 50001,Bud LT,Bud LT,,0.00,,,,
0.00 50002,Bud,Bud,,0.00,,,,
0.00 50003,Coors LT,Coors LT,,11.00,,,,
11.00 50004,Miller LT,Miller LT,,0.00,,,,
0.00 50005,Mich Ultra,Mich Ultra,,31.00,,,,
31.00 50006,Modelo,Modelo,,19.00,,,,
19.00 50007,XX Lager,XX Lager,,10.00,,,,
10.00 50008,Tecate LT,Tecate LT,,0.00,,,,
0.00 50009,Sol,Sol,,0.00,,,,
0.00 50010,Corona,Corona,,9.00,,,,
9.00 50011,Corona Lite,Corona Lite,,4.00,,,,
4.00 50012,TT IPA,TT IPA,,0.00,,,,
0.00 50013,Stone IPA,Stone IPA,,0.00,,,,
0.00 50014,Stone Buenaves,Stone Buenavesa,,0.00,,,,
0.00 50015,Taco Tuesday,Taco Tuesday,,0.00,,,,
0.00 50016,Yazo Dos Perro,Yazoo Dos Perro,,0.00,,,,
0.00 50017,Bebida Cerveza,Bebidas Cerveza,,0.00,,,,
0.00 50018,Stone Seltzer,Stone Seltzer,,0.00,,,,
0.00 50019,WW IPA,WW IPA,,0.00,,,,
0.00 50020,BW Guerrero,BW Guerrero,,0.00,,,,
0.00 50021,Estrella,Estrella,,0.00,,,,
0.00 50022,Hi Wire IPA,Hi Wire IPA,,0.00,,,,
0.00 50023,**BEER**,**BEER**,,0.00,,,,
0.00 50024,**BEER**,**BEER**,,0.00,,,,
0.00 50025,**BEER**,**BEER**,,0.00,,,,
0.00 50026,**BEER**,**BEER**,,0.00,,,,
0.00 50027,**BEER**,**BEER**,,0.00,,,,
0.00 50028,**BEER**,**BEER**,,0.00,,,,
0.00 50029,**BEER**,**BEER**,,0.00,,,,
0.00 50030,**BEER**,**BEER**,,0.00,,,,
0.00 50031,**BEER**,**BEER**,,0.00,,,,
0.00 50032,**BEER**,**BEER**,,0.00,,,,
0.00 50033,**BEER**,**BEER**,,0.00,,,,
0.00 50034,**BEER**,**BEER**,,0.00,,,,
0.00 50035,**BEER**,**BEER**,,0.00,,,,
0.00 50036,**BEER**,**BEER**,,0.00,,,,
0.00 50037,**BEER**,**BEER**,,0.00,,,,
0.00 50038,**BEER**,**BEER**,,0.00,,,,
0.00 50039,**BEER**,**BEER**,,0.00,,,,
0.00 50040,**BEER**,**BEER**,,0.00,,,,
0.00 50041,**BEER**,**BEER**,,0.00,,,,
0.00 50042,**BEER**,**BEER**,,0.00,,,,
0.00 50043,**BEER**,**BEER**,,0.00,,,,
0.00 50044,**BEER**,**BEER**,,0.00,,,,
0.00 50045,**BEER**,**BEER**,,0.00,,,,
0.00 50046,**BEER**,**BEER**,,0.00,,,,
0.00 50047,**BEER**,**BEER**,,0.00,,,,
0.00 50048,**BEER**,**BEER**,,0.00,,,,
0.00 50049,**BEER**,**BEER**,,0.00,,,,
0.00 50050,**BEER**,**BEER**,,0.00,,,,
0.00 60000,**LIQUOR**,**LIQUOR**,,0.00,,,,
0.00 60001,***VODKA***,***VODKA***,,0.00,,,,
0.00 60002,Well Vodka,Well Vodka,,0.00,,,,
0.00 60003,New Am Vdka,New Am Vdka,,0.00,,,,
0.00 60004,Stoli,Stoli,,0.00,,,,
0.00 60005,Ketel,Ketel,,0.00,,,,
0.00 60006,Goose,Goose,,0.00,,,,
0.00 60007,Tito's,Tito's,,8.00,,,,
8.00 60008,Deep Eddy,Deep Eddy,,0.00,,,,
0.00 60009,***VODKA***,***VODKA***,,0.00,,,,
0.00 60010,***VODKA***,***VODKA***,,0.00,,,,
0.00 60011,***VODKA***,***VODKA***,,0.00,,,,
0.00 60012,***VODKA***,***VODKA***,,0.00,,,,
0.00 60013,***VODKA***,***VODKA***,,0.00,,,,
0.00 60014,***VODKA***,***VODKA***,,0.00,,,,
0.00 60015,***VODKA***,***VODKA***,,0.00,,,,
0.00 60101,***DBL VODKA***,***DBL VODKA***,,0.00,,,,
0.00 60102,D-Well Vodka,D-Well Vodka,,0.00,,,,
0.00 60103,D-New Am Vdka,D-New Am Vdka,,0.00,,,,
0.00 60104,D-Stoli,D-Stoli,,0.00,,,,
0.00 60105,D-Ketel,D-Ketel,,0.00,,,,
0.00 60106,D-Goose,D-Goose,,0.00,,,,
0.00 60107,D-Tito's,D-Tito's,,0.00,,,,
0.00 60108,Dbl Deep Eddy,Dbl Deep Eddy,,0.00,,,,
0.00 60109,***DBL VODKA***,***DBL VODKA***,,0.00,,,,
0.00 60110,***DBL VODKA***,***DBL VODKA***,,0.00,,,,
0.00 60111,***DBL VODKA***,***DBL VODKA***,,0.00,,,,
0.00 60112,***DBL VODKA***,***DBL VODKA***,,0.00,,,,
0.00 60113,***DBL VODKA***,***DBL VODKA***,,0.00,,,,
0.00 60114,***DBL VODKA***,***DBL VODKA***,,0.00,,,,
0.00 60115,***DBL VODKA***,***DBL VODKA***,,0.00,,,,
0.00 60201,***RX VODKA***,***RX VODKA***,,0.00,,,,
0.00 60202,R-Well Vodka,R-Well Vodka,,0.00,,,,
0.00 60203,R-New Am Vdka,R-New Am Vdka,,0.00,,,,
0.00 60204,R-Stoli,R-Stoli,,0.00,,,,
0.00 60205,R-Ketel,R-Ketel,,0.00,,,,
0.00 60206,R-Goose,R-Goose,,0.00,,,,
0.00 60207,R-Tito's,R-Tito's,,0.00,,,,
0.00 60208,Rox Deep Eddy,Rox Deep Eddy,,0.00,,,,
0.00 60209,***RX VODKA***,***RX VODKA***,,0.00,,,,
0.00 60210,***RX VODKA***,***RX VODKA***,,0.00,,,,
0.00 60211,***RX VODKA***,***RX VODKA***,,0.00,,,,
0.00 60212,***RX VODKA***,***RX VODKA***,,0.00,,,,
0.00 60213,***RX VODKA***,***RX VODKA***,,0.00,,,,
0.00 60214,***RX VODKA***,***RX VODKA***,,0.00,,,,
0.00 60215,***RX VODKA***,***RX VODKA***,,0.00,,,,
0.00 61000,***GIN***,***GIN***,,0.00,,,,
0.00 61001,Well Gin,Well Gin,,0.00,,,,
0.00 61002,Sapphire,Sapphire,,0.00,,,,
0.00 61003,Hendrick's,Hendrick's,,0.00,,,,
0.00 61004,***GIN***,***GIN***,,0.00,,,,
0.00 61005,***GIN***,***GIN***,,0.00,,,,
0.00 61006,***GIN***,***GIN***,,0.00,,,,
0.00 61007,***GIN***,***GIN***,,0.00,,,,
0.00 61008,***GIN***,***GIN***,,0.00,,,,
0.00 61009,***GIN***,***GIN***,,0.00,,,,
0.00 61010,***GIN***,***GIN***,,0.00,,,,
0.00 61101,***DBL GIN***,***DBL GIN***,,0.00,,,,
0.00 61102,D-Well Gin,D-Well Gin,,0.00,,,,
0.00 61103,D-Sapphire,D-Sapphire,,0.00,,,,
0.00 61104,D-Hendrick's,D-Hendrick's,,0.00,,,,
0.00 61105,***DBL GIN***,***DBL GIN***,,0.00,,,,
0.00 61106,***DBL GIN***,***DBL GIN***,,0.00,,,,
0.00 61107,***DBL GIN***,***DBL GIN***,,0.00,,,,
0.00 61108,***DBL GIN***,***DBL GIN***,,0.00,,,,
0.00 61109,***DBL GIN***,***DBL GIN***,,0.00,,,,
0.00 61110,***DBL GIN***,***DBL GIN***,,0.00,,,,
0.00 61111,***DBL GIN***,***DBL GIN***,,0.00,,,,
0.00 61201,***RX GIN***,***RX GIN***,,0.00,,,,
0.00 61202,R-Well Gin,R-Well Gin,,0.00,,,,
0.00 61203,R-Sapphire,R-Sapphire,,0.00,,,,
0.00 61204,R-Hendrick's,R-Hendrick's,,0.00,,,,
0.00 61205,***RX GIN***,***RX GIN***,,0.00,,,,
0.00 61206,***RX GIN***,***RX GIN***,,0.00,,,,
0.00 61207,***RX GIN***,***RX GIN***,,0.00,,,,
0.00 61208,***RX GIN***,***RX GIN***,,0.00,,,,
0.00 61209,***RX GIN***,***RX GIN***,,0.00,,,,
0.00 61210,***RX GIN***,***RX GIN***,,0.00,,,,
0.00 61211,***RX GIN***,***RX GIN***,,0.00,,,,
0.00 62000,***RUM***,***RUM***,,0.00,,,,
0.00 62001,Well Rum,Well Rum,,0.00,,,,
0.00 62002,Bacardi,Bacardi,,0.00,,,,
0.00 62003,Captain,Captain,,0.00,,,,
0.00 62004,Kraken,Kraken,,0.00,,,,
0.00 62005,***RUM***,***RUM***,,0.00,,,,
0.00 62006,***RUM***,***RUM***,,0.00,,,,
0.00 62007,***RUM***,***RUM***,,0.00,,,,
0.00 62008,***RUM***,***RUM***,,0.00,,,,
0.00 62009,***RUM***,***RUM***,,0.00,,,,
0.00 62010,***RUM***,***RUM***,,0.00,,,,
0.00 62101,***DBL RUM***,***DBL RUM***,,0.00,,,,
0.00 62102,D-Well Rum,D-Well Rum,,0.00,,,,
0.00 62103,D-Bacardi,D-Bacardi,,0.00,,,,
0.00 62104,D-Captain,D-Captain,,0.00,,,,
0.00 62105,Dbl Kraken,Dbl Kraken,,0.00,,,,
0.00 62106,***DBL RUM***,***DBL RUM***,,0.00,,,,
0.00 62107,***DBL RUM***,***DBL RUM***,,0.00,,,,
0.00 62108,***DBL RUM***,***DBL RUM***,,0.00,,,,
0.00 62109,***DBL RUM***,***DBL RUM***,,0.00,,,,
0.00 62110,***DBL RUM***,***DBL RUM***,,0.00,,,,
0.00 62111,***DBL RUM***,***DBL RUM***,,0.00,,,,
0.00 62201,***RXS RUM***,***RXS RUM***,,0.00,,,,
0.00 62202,R-Well Rum,R-Well Rum,,0.00,,,,
0.00 62203,R-Bacardi,R-Bacardi,,0.00,,,,
0.00 62204,R-Captain,R-Captain,,0.00,,,,
0.00 62205,Rocks Kraken,Rocks Kraken,,0.00,,,,
0.00 62206,***RXS RUM***,***RXS RUM***,,0.00,,,,
0.00 62207,***RXS RUM***,***RXS RUM***,,0.00,,,,
0.00 62208,***RXS RUM***,***RXS RUM***,,0.00,,,,
0.00 62209,***RXS RUM***,***RXS RUM***,,0.00,,,,
0.00 62210,***RXS RUM***,***RXS RUM***,,0.00,,,,
0.00 62211,***RXS RUM***,***RXS RUM***,,0.00,,,,
0.00 63000,***TEQUILA***,***TEQUILA***,,0.00,,,,
0.00 63001,Cuervo,Cuervo,,0.00,,,,
0.00 63002,Alto's Silver,Altos Silver,,0.00,,,,
0.00 63003,Alto's Repo,Altos Repo,,0.00,,,,
0.00 63004,Corralejo S,Corralejo S,,0.00,,,,
0.00 63005,Corralejo R,Corralejo R,,0.00,,,,
0.00 63006,Corralejo A,Corralejo A,,20.00,,,,
20.00 63007,Casa Noble,Casa Noble,,0.00,,,,
0.00 63008,Hornito's S,Hornito's S,,0.00,,,,
0.00 63009,Mi Campo S,Mi Campo S,,0.00,,,,
0.00 63010,Mi Campo R,Mi Campo R,,0.00,,,,
0.00 63011,Camerena S,Camerena S,,0.00,,,,
0.00 63012,Camerena R,Camerena R,,0.00,,,,
0.00 63013,Cazadores R,Cazadores R,,0.00,,,,
0.00 63014,Espolon S,Espolon S,,0.00,,,,
0.00 63015,Espolon R,Espolon R,,0.00,,,,
0.00 63016,Herradura A,Herradura A,,0.00,,,,
0.00 63017,Suaza Tres,Suaza Tres,,0.00,,,,
0.00 63018,Patron S,Patron S,,28.00,,,,
28.00 63019,Patron R,Patron R,,0.00,,,,
0.00 63020,Patron A,Patron A,,0.00,,,,
0.00 63021,Patron GP,Patron GP,,0.00,,,,
0.00 63022,Casa Silver,Casa Silver,,0.00,,,,
0.00 63023,Casa Rep,Casa Rep,,0.00,,,,
0.00 63024,Casa Anejo,Casa Anejo,,0.00,,,,
0.00 63025,Dobel Dia,Dobel Dia,,0.00,,,,
0.00 63026,Maestro S,Maestro S,,0.00,,,,
0.00 63027,Maestro R,Maestro R,,0.00,,,,
0.00 63028,Maestro A,Maestro A,,0.00,,,,
0.00 63029,Milagro S,Milagro S,,8.00,,,,
8.00 63030,Milagro R,Milagro R,,0.00,,,,
0.00 63031,Milagro FO,Milagro FO,,0.00,,,,
0.00 63032,Cuervo Rsrv,Cuervo Rsrv,,0.00,,,,
0.00 63033,Don Julio,Don Julio,,0.00,,,,
0.00 63034,1800 Anejo,1800 Anejo,,0.00,,,,
0.00 63035,Del Maguey,Del Maguey,,0.00,,,,
0.00 63036,Illegal,Illegal,,0.00,,,,
0.00 63037,Well Tequila,Well Tequila,,0.00,,,,
0.00 63038,Cazadores S,Cazadores S,,0.00,,,,
0.00 63039,S-Clase Plata,S-Clase Plata,,0.00,,,,
0.00 63040,S-Clase Repo,S-Clase Repo,,0.00,,,,
0.00 63041,Exotico S,EXOTICO S,,0.00,,,,
0.00 63042,Teremana S,TEREMANA S,,0.00,,,,
0.00 63043,Cazadores A,CAZADORES A,,0.00,,,,
0.00 63044,S Creyente,S CREYENTE,,0.00,,,,
0.00 63045,Illegal Repo,ILLEGAL REPO,,0.00,,,,
0.00 63046,Illegal Anejo,ILLEGAL ANEJO,,0.00,,,,
0.00 63047,Casamigos M,CASAMIGOS M,,0.00,,,,
0.00 63048,1800 Silver,1800 Silver,,0.00,,,,
0.00 63049,1800 Repo,1800 Repo,,0.00,,,,
0.00 63050,1800 Cristal,1800 Cristal,,0.00,,,,
0.00 63051,Dos Primos S,Dos Primos S,,0.00,,,,
0.00 63052,Dos Primos Rep,Dos Primos Rep,,0.00,,,,
0.00 63053,***TEQUILA***,***TEQUILA***,,0.00,,,,
0.00 63054,***TEQUILA***,***TEQUILA***,,0.00,,,,
0.00 63055,***TEQUILA***,***TEQUILA***,,0.00,,,,
0.00 63056,***TEQUILA***,***TEQUILA***,,0.00,,,,
0.00 63057,***TEQUILA***,***TEQUILA***,,0.00,,,,
0.00 63058,***TEQUILA***,***TEQUILA***,,0.00,,,,
0.00 63059,***TEQUILA***,***TEQUILA***,,0.00,,,,
0.00 63060,***TEQUILA***,***TEQUILA***,,0.00,,,,
0.00 63100,***DBL TEQUILA*,***DBL TEQUILA*,,0.00,,,,
0.00 63101,D-Cuervo,D-Cuervo,,0.00,,,,
0.00 63102,D-Alto's S,D-Alto's S,,0.00,,,,
0.00 63103,D-Alto's R,D-Alto's R,,0.00,,,,
0.00 63104,D-Corralejo S,D-Corralejo S,,0.00,,,,
0.00 63105,D-Corralejo R,D-Corralejo R,,0.00,,,,
0.00 63106,D-Corralejo A,D-Corralejo A,,0.00,,,,
0.00 63107,D-Casa S,D-Casa S,,0.00,,,,
0.00 63108,D-Hornito's S,D-Hornito's S,,0.00,,,,
0.00 63109,D-Mi Campo S,D-Mi Campo S,,0.00,,,,
0.00 63110,D-Mi Campo R,D-Mi Campo R,,0.00,,,,
0.00 63111,D-Camerena S,D-Camerena S,,0.00,,,,
0.00 63112,D-Camerena R,D-Camerena R,,0.00,,,,
0.00 63113,D-Cazadores R,D-Cazadores R,,0.00,,,,
0.00 63114,D-Espolon S,D-Espolon S,,0.00,,,,
0.00 63115,D-Espolon R,D-Espolon R,,0.00,,,,
0.00 63116,D-Herradura A,D-Herradura A,,0.00,,,,
0.00 63117,D-Suaza Tres,D-Suaza Tres,,0.00,,,,
0.00 63118,D-Patron S,D-Patron S,,0.00,,,,
0.00 63119,D-Patron R,D-Patron R,,0.00,,,,
0.00 63120,D-Patron A,D-Patron A,,0.00,,,,
0.00 63121,D-Patron GP,D-Patron GP,,0.00,,,,
0.00 63122,D- Casa Silver,D- Casa Silver,,0.00,,,,
0.00 63123,D- Casa Rep,D- Casa Rep,,0.00,,,,
0.00 63124,D- Casa Anejo,D- Casa Anejo,,0.00,,,,
0.00 63125,D-Dobel,D-Dobel,,0.00,,,,
0.00 63126,D-Maestro S,D-Maestro S,,0.00,,,,
0.00 63127,D-Maestro R,D-Maestro R,,0.00,,,,
0.00 63128,D-Maestro A,D-Maestro A,,0.00,,,,
0.00 63129,D-Milagro S,D-Milagro S,,0.00,,,,
0.00 63130,D-Milagro R,D-Milagro R,,0.00,,,,
0.00 63131,D-Milagro FO,D-Milagro FO,,0.00,,,,
0.00 63132,D-Cuervo Rsrv,D-Cuervo Rsrv,,0.00,,,,
0.00 63133,D-Don Julio,D-Don Julio,,0.00,,,,
0.00 63134,D-1800 A,D-1800 A,,0.00,,,,
0.00 63135,D-Del Maguey,D-Del Maguey,,0.00,,,,
0.00 63136,D-Illegal,D-Illegal,,0.00,,,,
0.00 63137,D-Well Tequila,D-Well Tequila,,0.00,,,,
0.00 63138,D-Cazadores S,D-Cazadores S,,0.00,,,,
0.00 63139,D-Clase Plata,D-CLASE PLATA,,0.00,,,,
0.00 63140,D-Clase Repo,D-CLASE REPO,,0.00,,,,
0.00 63141,D-Exotico S,D-EXOTICO S,,0.00,,,,
0.00 63142,D-Teremana S,D-TEREMANA S,,0.00,,,,
0.00 63143,D-Cazadores A,D-CAZADORES A,,0.00,,,,
0.00 63144,D-Creyente,D-CREYENTE,,0.00,,,,
0.00 63145,D-Illegal Repo,D-ILLEGAL REPO,,0.00,,,,
0.00 63146,D-Illegal Anejo,D-ILLEGAL ANEJO,,0.00,,,,
0.00 63147,D-Casamigos M,D-CASAMIGOS M,,0.00,,,,
0.00 63148,Dbl1800Silver,Dbl1800Silver,,0.00,,,,
0.00 63149,Dbl1800Repo,Dbl1800Repo,,0.00,,,,
0.00 63150,Dbl1800Cristal,Dbl1800Cristal,,0.00,,,,
0.00 63151,Dbl Dos PrimosS,Dbl Dos PrimosS,,0.00,,,,
0.00 63152,Dbl Dos PrimosR,Dbl Dos PrimosR,,0.00,,,,
0.00 63153,***DBL TEQUILA*,***DBL TEQUILA*,,0.00,,,,
0.00 63154,***DBL TEQUILA*,***DBL TEQUILA*,,0.00,,,,
0.00 63155,***DBL TEQUILA*,***DBL TEQUILA*,,0.00,,,,
0.00 63156,***DBL TEQUILA*,***DBL TEQUILA*,,0.00,,,,
0.00 63157,***DBL TEQUILA*,***DBL TEQUILA*,,0.00,,,,
0.00 63158,***DBL TEQUILA*,***DBL TEQUILA*,,0.00,,,,
0.00 63159,***DBL TEQUILA*,***DBL TEQUILA*,,0.00,,,,
0.00 63160,***DBL TEQUILA*,***DBL TEQUILA*,,0.00,,,,
0.00 63200,***RXS TEQUILA*,***RXS TEQUILA*,,0.00,,,,
0.00 63201,R-Cuervo,R-Cuervo,,0.00,,,,
0.00 63202,R-Alto's S,R-Alto's S,,0.00,,,,
0.00 63203,R-Alto's R,R-Alto's R,,0.00,,,,
0.00 63204,R-Corralejo S,R-Corralejo S,,0.00,,,,
0.00 63205,R-Corralejo R,R-Corralejo R,,0.00,,,,
0.00 63206,R-Corralejo A,R-Corralejo A,,0.00,,,,
0.00 63207,R-Casa S,R-Casa S,,0.00,,,,
0.00 63208,R-Hornito's S,R-Hornito's S,,0.00,,,,
0.00 63209,R-Mi Campo S,R-Mi Campo S,,0.00,,,,
0.00 63210,R-Mi Campo R,R-Mi Campo R,,0.00,,,,
0.00 63211,R-Camerena S,R-Camerena S,,0.00,,,,
0.00 63212,R-Camerena R,R-Camerena R,,0.00,,,,
0.00 63213,R-Cazadores R,R-Cazadores R,,0.00,,,,
0.00 63214,R-Espolon S,R-Espolon S,,0.00,,,,
0.00 63215,R-Espolon R,R-Espolon R,,0.00,,,,
0.00 63216,R-Herradura A,R-Herradura A,,0.00,,,,
0.00 63217,R-Suaza Tres,R-Suaza Tres,,0.00,,,,
0.00 63218,R-Patron S,R-Patron S,,0.00,,,,
0.00 63219,R-Patron R,R-Patron R,,0.00,,,,
0.00 63220,R-Patron A,R-Patron A,,0.00,,,,
0.00 63221,R-Patron GP,R-Patron GP,,0.00,,,,
0.00 63222,R- Casa Silver,R-Casa Silver,,0.00,,,,
0.00 63223,R-Casa Rep,R-Casa Rep,,0.00,,,,
0.00 63224,R-Casa Anejo,R- Casa Anejo,,0.00,,,,
0.00 63225,R-Dobel,R-Dobel,,0.00,,,,
0.00 63226,R-Maestro S,R-Maestro S,,0.00,,,,
0.00 63227,R-Maestro R,R-Maestro R,,0.00,,,,
0.00 63228,R-Maestro A,R-Maestro A,,0.00,,,,
0.00 63229,R-Milagro S,R-Milagro S,,0.00,,,,
0.00 63230,R-Milagro R,R-Milagro R,,0.00,,,,
0.00 63231,R-Milagro FO,R-Milagro FO,,0.00,,,,
0.00 63232,R-Cuervo Rsrv,R-Cuervo Rsrv,,0.00,,,,
0.00 63233,R-Don Julio,R-Don Julio,,0.00,,,,
0.00 63234,R-1800 A,R-1800 A,,0.00,,,,
0.00 63235,R-Del Maguey,R-Del Maguey,,0.00,,,,
0.00 63236,R-Illegal,R-Illegal,,0.00,,,,
0.00 63237,R-Well Tequila,R-Well Tequila,,0.00,,,,
0.00 63238,R-Cazadores S,R-Cazadores S,,0.00,,,,
0.00 63239,R-Clase Plata,R-CLASE PLATA,,0.00,,,,
0.00 63240,R-Clase Repo,R-CLASE REPO,,0.00,,,,
0.00 63241,R-Exotico S,R-EXOTICO S,,0.00,,,,
0.00 63242,R-Teremana S,R-TEREMANA S,,0.00,,,,
0.00 63243,R-Cazadores A,R-CAZADORES A,,0.00,,,,
0.00 63244,R Creyente,R CREYENTE,,0.00,,,,
0.00 63245,R-Illegal Repo,R-ILLEGAL REPO,,0.00,,,,
0.00 63246,R-Illegal Anejo,R-ILLEGAL ANEJO,,0.00,,,,
0.00 63247,R-Casamigos M,R-CASAMIGOS M,,0.00,,,,
0.00 63248,R-1800Silver,R-1800Silver,,0.00,,,,
0.00 63249,R-1800Repo,R-1800Repo,,0.00,,,,
0.00 63250,R-1800Cristal,R-1800Cristal,,0.00,,,,
0.00 63251,R-Dos Primos S,R-Dos Primos S,,0.00,,,,
0.00 63252,Rox Dos PrimosR,Rox Dos PrimosR,,0.00,,,,
0.00 63253,***RXS TEQUILA*,***RXS TEQUILA*,,0.00,,,,
0.00 63254,***RXS TEQUILA*,***RXS TEQUILA*,,0.00,,,,
0.00 63255,***RXS TEQUILA*,***RXS TEQUILA*,,0.00,,,,
0.00 63256,***RXS TEQUILA*,***RXS TEQUILA*,,0.00,,,,
0.00 63257,***RXS TEQUILA*,***RXS TEQUILA*,,0.00,,,,
0.00 63258,***RXS TEQUILA*,***RXS TEQUILA*,,0.00,,,,
0.00 63259,***RXS TEQUILA*,***RXS TEQUILA*,,0.00,,,,
0.00 63260,***RXS TEQUILA*,***RXS TEQUILA*,,0.00,,,,
0.00 63300,**FLT TEQUILA *,**FLT TEQUILA *,,0.00,,,,
0.00 63301,F-Clas Azul S,F-Clase Azul S,,0.00,,,,
0.00 63302,F-Hornitos S,F-Hornitos S,,0.00,,,,
0.00 63303,F-Camarena S,F-Camerena S,,0.00,,,,
0.00 63304,F-Patron S,F-Patron S,,0.00,,,,
0.00 63305,F-Exotico S,F-Exotico S,,0.00,,,,
0.00 63306,F-Milagro S,F-Milagro S,,0.00,,,,
0.00 63307,F-Casa Nobl S,F-Casa Nobl S,,0.00,,,,
0.00 63308,F-Casamigos S,F-Casamigos S,,0.00,,,,
0.00 63309,F-Espolon S,F-Espolon S,,0.00,,,,
0.00 63310,F-Altos S,F-Altos S,,0.00,,,,
0.00 63311,F-Maest Dobl S,F-Maest Dobl S,,0.00,,,,
0.00 63312,F-Teremana S,F-Teremana S,,0.00,,,,
0.00 63313,F-Corralejo S,F-Corralejo S,,0.00,,,,
0.00 63315,F-Mi Campo S,F-Mi Campo S,,0.00,,,,
0.00 63320,F-Cazadores S,F-Cazadores S,,0.00,,,,
0.00 63321,F-Altos R,F-Altos R,,0.00,,,,
0.00 63322,F-Casamigos R,F-Casamigos R,,0.00,,,,
0.00 63323,F-Camarena R,F-Camarena R,,0.00,,,,
0.00 63324,F-Cazadores R,F-Cazadores R,,0.00,,,,
0.00 63325,F-Milagro R,F-Milagro R,,0.00,,,,
0.00 63326,F-Espolon R,F-Espolon R,,0.00,,,,
0.00 63327,F-Corralejo R,F-Corralejo R,,0.00,,,,
0.00 63328,F-Mi Campo R,F-Mi Campo R,,0.00,,,,
0.00 63329,F-Patron R,F-Patron R,,0.00,,,,
0.00 63330,F-Clase Azul R,F-Clase Azul R,,0.00,,,,
0.00 63331,F-Maes Dobel R,F-Maes Dobel R,,0.00,,,,
0.00 63332,F-Casamigo A,F-Casamigo A,,0.00,,,,
0.00 63333,F-Corralejo A,F-Corralejo A,,0.00,,,,
0.00 63334,F-Cazadores A,F-Cazadores A,,0.00,,,,
0.00 63335,F-Sauza Gen A,F-Sauza Gen A,,0.00,,,,
0.00 63336,F-Maes Doble A,F-Maes Dobe A,,0.00,,,,
0.00 63337,F-Patron A,F-Patron A,,0.00,,,,
0.00 63338,F-Patron GP ES,F-Patron GP ES,,0.00,,,,
0.00 63339,F-Milagr FO ES,F-Milagr FO ES,,0.00,,,,
0.00 63340,F-Fam Res ES,F-Fam Res ES,,0.00,,,,
0.00 63341,F-1942 ES,F-1942 ES,,0.00,,,,
0.00 63342,F- Diamante ES,F-Diamante ES,,0.00,,,,
0.00 63343,F-Herr Ult ES,F-Herr Ultr ES,,0.00,,,,
0.00 63344,F-Casamigos M,F-Casamigos M,,0.00,,,,
0.00 63345,F-Illegal Re M,F-Illegal Re M,,0.00,,,,
0.00 63346,F-Illegal An M,F-Illegal An M,,0.00,,,,
0.00 63347,F-Creyente M,F-Creyente M,,0.00,,,,
0.00 63348,F-1800Silver,F-1800Silver,,0.00,,,,
0.00 63349,F-1800Repo,F-1800Repo,,0.00,,,,
0.00 63350,F-1800Cristal,F-1800Cristal,,0.00,,,,
0.00 63351,F-1800Anejo,F-1800Anejo,,0.00,,,,
0.00 63352,F-Dos Primos S,F-Dos Primos S,,0.00,,,,
0.00 63353,FLT Dos PrimosR,FLT Dos PrimosR,,0.00,,,,
0.00 63354,**FLT TEQUILA *,**FLT TEQUILA *,,0.00,,,,
0.00 63355,**FLT TEQUILA *,**FLT TEQUILA *,,0.00,,,,
0.00 63356,**FLT TEQUILA *,**FLT TEQUILA *,,0.00,,,,
0.00 63357,**FLT TEQUILA *,**FLT TEQUILA *,,0.00,,,,
0.00 64000,***WHISKEY***,***WHISKEY***,,0.00,,,,
0.00 64001,Old Forrestor,Old Forrestor,,0.00,,,,
0.00 64002,Bulleit,Bulleit,,0.00,,,,
0.00 64003,Bulleit Rye,Bulleit Rye,,0.00,,,,
0.00 64004,Knob Creek,Knob Creek,,0.00,,,,
0.00 64005,Maker's Mark,Maker's Mark,,0.00,,,,
0.00 64006,Elijah Craig,Elijah Craig,,0.00,,,,
0.00 64007,Eagle Rare,Eagle Rare,,0.00,,,,
0.00 64008,Woodford,Woodford,,0.00,,,,
0.00 64009,Woodford Rye,Woodford Rye,,0.00,,,,
0.00 64010,Basil Hayden's,Basil Hayden's,,0.00,,,,
0.00 64011,Tullmore Dew,Tullmore Dew,,0.00,,,,
0.00 64012,Jameson,Jameson,,0.00,,,,
0.00 64013,Crown,Crown,,0.00,,,,
0.00 64014,Jack Daniels,Jack Daniels,,0.00,,,,
0.00 64015,Larceny,Larceny,,0.00,,,,
0.00 64016,High West,High West,,0.00,,,,
0.00 64017,Bushmills,Bushmills,,0.00,,,,
0.00 64018,Monkey Shoulder,Monkey Shoulder,,0.00,,,,
0.00 64019,***WHISKEY***,***WHISKEY***,,0.00,,,,
0.00 64020,***WHISKEY***,***WHISKEY***,,0.00,,,,
0.00 64100,***DBL WHISKEY*,***DBL WHISKEY*,,0.00,,,,
0.00 64101,D-Old Forrestor,D-Old Forrestor,,0.00,,,,
0.00 64102,D-Bulleit,D-Bulleit,,0.00,,,,
0.00 64103,D-Bulleit Rye,D-Bulleit Rye,,0.00,,,,
0.00 64104,D-Knob Creek,D-Knob Creek,,0.00,,,,
0.00 64105,D-Maker's Mark,D-Maker's Mark,,0.00,,,,
0.00 64106,D-Elijah Craig,D-Elijah Craig,,0.00,,,,
0.00 64107,D-Eagle Rare,D-Eagle Rare,,0.00,,,,
0.00 64108,D-Woodford,D-Woodford,,0.00,,,,
0.00 64109,D-Woodford Rye,D-Woodford Rye,,0.00,,,,
0.00 64110,D-Basil Hay,D-Basil Hay,,0.00,,,,
0.00 64111,D-Tullmore Dew,D-Tullmore Dew,,0.00,,,,
0.00 64112,D-Jameson,D-Jameson,,0.00,,,,
0.00 64113,D-Crown,D-Crown,,0.00,,,,
0.00 64114,D-Jack,D-Jack,,0.00,,,,
0.00 64115,Dbl Larceny,Dbl Larceny,,0.00,,,,
0.00 64116,Dbl High West,Dbl High West,,0.00,,,,
0.00 64117,Dbl Bushmills,Dbl Bushmills,,0.00,,,,
0.00 64118,Dbl Monkey,Dbl Monkey,,0.00,,,,
0.00 64119,***DBL WHISKEY*,***DBL WHISKEY*,,0.00,,,,
0.00 64120,***DBL WHISKEY*,***DBL WHISKEY*,,0.00,,,,
0.00 64200,***RXS WHISKEY*,***RXS WHISKEY*,,0.00,,,,
0.00 64201,R-Old Forrestor,R-Old Forrestor,,0.00,,,,
0.00 64202,R-Bulleit,R-Bulleit,,0.00,,,,
0.00 64203,R-Bulleit Rye,R-Bulleit Rye,,0.00,,,,
0.00 64204,R-Knob Creek,R-Knob Creek,,0.00,,,,
0.00 64205,R-Maker's Mark,R-Maker's Mark,,0.00,,,,
0.00 64206,R-Elijah Craig,R-Elijah Craig,,0.00,,,,
0.00 64207,R-Eagle Rare,R-Eagle Rare,,0.00,,,,
0.00 64208,R-Woodford,R-Woodford,,0.00,,,,
0.00 64209,R-Woodford Rye,R-Woodford Rye,,0.00,,,,
0.00 64210,R-Basil Hay,R-Basil Hay,,0.00,,,,
0.00 64211,R-Tullmore Dew,R-Tullmore Dew,,0.00,,,,
0.00 64212,R-Jameson,R-Jameson,,0.00,,,,
0.00 64213,R-Crown,R-Crown,,0.00,,,,
0.00 64214,R-Jack,R-Jack,,0.00,,,,
0.00 64215,Rocks Larceny,Rocks Larceny,,0.00,,,,
0.00 64216,Rocks High West,Rocks High West,,0.00,,,,
0.00 64217,Rocks Bushmills,Rocks Bushmills,,0.00,,,,
0.00 64218,Rocks Monkey,Rocks Monkey,,0.00,,,,
0.00 64219,***RXS WHISKEY*,***RXS WHISKEY*,,0.00,,,,
0.00 64220,***RXS WHISKEY*,***RXS WHISKEY*,,0.00,,,,
0.00 65000,***SCOTCH***,***SCOTCH***,,0.00,,,,
0.00 65001,Dewar's,Dewar's,,0.00,,,,
0.00 65002,Glenlivet,Glenlivet,,0.00,,,,
0.00 65003,Macallan,Macallan,,0.00,,,,
0.00 65004,***SCOTCH***,***SCOTCH***,,0.00,,,,
0.00 65005,***SCOTCH***,***SCOTCH***,,0.00,,,,
0.00 65006,***SCOTCH***,***SCOTCH***,,0.00,,,,
0.00 65007,***SCOTCH***,***SCOTCH***,,0.00,,,,
0.00 65008,***SCOTCH***,***SCOTCH***,,0.00,,,,
0.00 65009,***SCOTCH***,***SCOTCH***,,0.00,,,,
0.00 65010,***SCOTCH***,***SCOTCH***,,0.00,,,,
0.00 65100,***DBL SCOTCH**,***DBL SCOTCH**,,0.00,,,,
0.00 65101,D-Dewar's,D-Dewar's,,0.00,,,,
0.00 65102,D-Glenlivet,D-Glenlivet,,0.00,,,,
0.00 65103,D-Macallan,D-Macallan,,0.00,,,,
0.00 65104,***DBL SCOTCH**,***DBL SCOTCH**,,0.00,,,,
0.00 65105,***DBL SCOTCH**,***DBL SCOTCH**,,0.00,,,,
0.00 65106,***DBL SCOTCH**,***DBL SCOTCH**,,0.00,,,,
0.00 65107,***DBL SCOTCH**,***DBL SCOTCH**,,0.00,,,,
0.00 65108,***DBL SCOTCH**,***DBL SCOTCH**,,0.00,,,,
0.00 65109,***DBL SCOTCH**,***DBL SCOTCH**,,0.00,,,,
0.00 65110,***DBL SCOTCH**,***DBL SCOTCH**,,0.00,,,,
0.00 65200,***RXS SCOTCH**,***RXS SCOTCH**,,0.00,,,,
0.00 65201,R-Dewar's,R-Dewar's,,0.00,,,,
0.00 65202,R-Glenlivet,R-Glenlivet,,0.00,,,,
0.00 65203,R-Macallan,R-Macallan,,0.00,,,,
0.00 65204,***RXS SCOTCH**,***RXS SCOTCH**,,0.00,,,,
0.00 65205,***RXS SCOTCH**,***RXS SCOTCH**,,0.00,,,,
0.00 65206,***RXS SCOTCH**,***RXS SCOTCH**,,0.00,,,,
0.00 65207,***RXS SCOTCH**,***RXS SCOTCH**,,0.00,,,,
0.00 65208,***RXS SCOTCH**,***RXS SCOTCH**,,0.00,,,,
0.00 65209,***RXS SCOTCH**,***RXS SCOTCH**,,0.00,,,,
0.00 65210,***RXS SCOTCH**,***RXS SCOTCH**,,0.00,,,,
0.00 66000,***BRNDY/CGN***,***BRNDY/CGN***,,0.00,,,,
0.00 66001,Aperol,Aperol,,0.00,,,,
0.00 66002,Disaronna,Disaronna,,0.00,,,,
0.00 66003,St Germain,St Germain,,0.00,,,,
0.00 66004,Frangelico,Frangelico,,0.00,,,,
0.00 66005,Kaluah,Kaluah,,0.00,,,,
0.00 66006,Godiva,Godiva,,0.00,,,,
0.00 66007,Grand Marnier,Grand Marnier,,0.00,,,,
0.00 66008,Fernet Branca,Fernet Branca,,0.00,,,,
0.00 66009,***BRNDY/CGN***,***BRNDY/CGN***,,0.00,,,,
0.00 66010,***BRNDY/CGN***,***BRNDY/CGN***,,0.00,,,,
0.00 66011,***BRNDY/CGN***,***BRNDY/CGN***,,0.00,,,,
0.00 66012,***BRNDY/CGN***,***BRNDY/CGN***,,0.00,,,,
0.00 66013,***BRNDY/CGN***,***BRNDY/CGN***,,0.00,,,,
0.00 66014,***BRNDY/CGN***,***BRNDY/CGN***,,0.00,,,,
0.00 66015,***BRNDY/CGN***,***BRNDY/CGN***,,0.00,,,,
0.00 66100,***DBL BRNDY/CG,***DBL BRNDY/CG,,0.00,,,,
0.00 66101,D-Aperol,D-Aperol,,0.00,,,,
0.00 66102,D-Disaronna,D-Disaronna,,0.00,,,,
0.00 66103,D-St Germain,D-St Germain,,0.00,,,,
0.00 66104,D-Frangelico,D-Frangelico,,0.00,,,,
0.00 66105,D-Kaluah,D-Kaluah,,0.00,,,,
0.00 66106,D-Godiva,D-Godiva,,0.00,,,,
0.00 66107,D-Grand Marnier,D-Grand Marnier,,0.00,,,,
0.00 66108,D-Fernet Branca,D-Fernet Branca,,0.00,,,,
0.00 66109,***DBL BRNDY/CG,***DBL BRNDY/CG,,0.00,,,,
0.00 66110,***DBL BRNDY/CG,***DBL BRNDY/CG,,0.00,,,,
0.00 66111,***DBL BRNDY/CG,***DBL BRNDY/CG,,0.00,,,,
0.00 66112,***DBL BRNDY/CG,***DBL BRNDY/CG,,0.00,,,,
0.00 66113,***DBL BRNDY/CG,***DBL BRNDY/CG,,0.00,,,,
0.00 66114,***DBL BRNDY/CG,***DBL BRNDY/CG,,0.00,,,,
0.00 66115,***DBL BRNDY/CG,***DBL BRNDY/CG,,0.00,,,,
0.00 68000,Horni4You,Horni4You,,0.00,,,,
0.00 68001,HomeWrecker,HomeWrecker,,0.00,,,,
0.00 68002,ItsNotMe,ItsNotMe,,0.00,,,,
0.00 68003,Alone,Alone,,0.00,,,,
0.00 68004,Cry of Delores,Cry of Delores,,0.00,,,,
0.00 68005,Si Se Puede,Si Se Puede,,18.00,,,,
18.00 68006,***SPEC DRIN***,***SPEC DRIN***,,0.00,,,,
0.00 68007,***SPEC DRIN***,***SPEC DRIN***,,0.00,,,,
0.00 68008,***SPEC DRIN***,***SPEC DRIN***,,0.00,,,,
0.00 68009,***SPEC DRIN***,***SPEC DRIN***,,0.00,,,,
0.00 68010,***SPEC DRIN***,***SPEC DRIN***,,0.00,,,,
0.00 68011,***SPEC DRIN***,***SPEC DRIN***,,0.00,,,,
0.00 68012,***SPEC DRIN***,***SPEC DRIN***,,0.00,,,,
0.00 68013,***SPEC DRIN***,***SPEC DRIN***,,0.00,,,,
0.00 68014,***SPEC DRIN***,***SPEC DRIN***,,0.00,,,,
0.00 68015,***SPEC DRIN***,***SPEC DRIN***,,0.00,,,,
0.00 68016,***SPEC DRIN***,***SPEC DRIN***,,0.00,,,,
0.00 68017,***SPEC DRIN***,***SPEC DRIN***,,0.00,,,,
0.00 68018,***SPEC DRIN***,***SPEC DRIN***,,0.00,,,,
0.00 68019,***SPEC DRIN***,***SPEC DRIN***,,0.00,,,,
0.00 68020,***SPEC DRIN***,***SPEC DRIN***,,0.00,,,,
0.00 68021,***SPEC DRIN***,***SPEC DRIN***,,0.00,,,,
0.00 68022,***SPEC DRIN***,***SPEC DRIN***,,0.00,,,,
0.00 68023,***SPEC DRIN***,***SPEC DRIN***,,0.00,,,,
0.00 68024,***SPEC DRIN***,***SPEC DRIN***,,0.00,,,,
0.00 68025,***SPEC DRIN***,***SPEC DRIN***,,0.00,,,,
0.00 68026,***SPEC DRIN***,***SPEC DRIN***,,0.00,,,,
0.00 68027,***SPEC DRIN***,***SPEC DRIN***,,0.00,,,,
0.00 68028,***SPEC DRIN***,***SPEC DRIN***,,0.00,,,,
0.00 68029,***SPEC DRIN***,***SPEC DRIN***,,0.00,,,,
0.00 68030,***SPEC DRIN***,***SPEC DRIN***,,0.00,,,,
0.00 68031,***SPEC DRIN***,***SPEC DRIN***,,0.00,,,,
0.00 68032,***SPEC DRIN***,***SPEC DRIN***,,0.00,,,,
0.00 68033,***SPEC DRIN***,***SPEC DRIN***,,0.00,,,,
0.00 68034,***SPEC DRIN***,***SPEC DRIN***,,0.00,,,,
0.00 68035,***SPEC DRIN***,***SPEC DRIN***,,0.00,,,,
0.00 68036,***SPEC DRIN***,***SPEC DRIN***,,0.00,,,,
0.00 68037,***SPEC DRIN***,***SPEC DRIN***,,0.00,,,,
0.00 68038,***SPEC DRIN***,***SPEC DRIN***,,0.00,,,,
0.00 68039,***SPEC DRIN***,***SPEC DRIN***,,0.00,,,,
0.00 68040,***SPEC DRIN***,***SPEC DRIN***,,0.00,,,,
0.00 68041,***SPEC DRIN***,***SPEC DRIN***,,0.00,,,,
0.00 68042,***SPEC DRIN***,***SPEC DRIN***,,0.00,,,,
0.00 68043,***SPEC DRIN***,***SPEC DRIN***,,0.00,,,,
0.00 68044,***SPEC DRIN***,***SPEC DRIN***,,0.00,,,,
0.00 68045,***SPEC DRIN***,***SPEC DRIN***,,0.00,,,,
0.00 68046,***SPEC DRIN***,***SPEC DRIN***,,0.00,,,,
0.00 68047,***SPEC DRIN***,***SPEC DRIN***,,0.00,,,,
0.00 68048,***SPEC DRIN***,***SPEC DRIN***,,0.00,,,,
0.00 68049,***SPEC DRIN***,***SPEC DRIN***,,0.00,,,,
0.00 68050,***SPEC DRIN***,***SPEC DRIN***,,0.00,,,,
0.00 69000,***COCKTAILS***,***COCKTAILS***,,0.00,,,,
0.00 69001,LIT,LIT,,0.00,,,,
0.00 69002,TOP LIT,TOP LIT,,0.00,,,,
0.00 69003,Classic Marg,Classic Marg,,74.00,,,,
74.00 69004,Cadillac Marg,Cadillac Marg,,110.00,,,,
110.00 69005,Pineapple Marg,Pineapple Marg,,36.00,,,,
36.00 69006,Strawberr Marg,Strawberry Marg,,26.00,,,,
26.00 69007,Frz Class Marg,Frzn Class Marg,,0.00,,,,
0.00 69008,Frzn WM Marg,Frzn WM Marg,,0.00,,,,
0.00 69009,Pink Lady,Pink Lady,,9.00,,,,
9.00 69010,Ranch Water,Ranch Water,,0.00,,,,
0.00 69011,El Jefe,El Jefe,,9.00,,,,
9.00 69012,Rosa Maria,Rosa Maria,,0.00,,,,
0.00 69013,Devil Handshak,Devil Handshake,,0.00,,,,
0.00 69014,Calacas,Calacas,,0.00,,,,
0.00 69015,El Burro,El Burro,,0.00,,,,
0.00 69016,Michelada,Michelada,,0.00,,,,
0.00 69017,Bloody Maria,Bloody Maria,,0.00,,,,
0.00 69018,Mimosa,Mimosa,,0.00,,,,
0.00 69019,Gringo,Gringo,,0.00,,,,
0.00 69020,Mordo Rouge,Mordo Rouge,,0.00,,,,
0.00 69021,Sangria,Sangria,,0.00,,,,
0.00 69022,BBerryInfusion,BBerryInfusion,,0.00,,,,
0.00 69023,BBerry Marg,BBerry Marg,,40.00,,,,
40.00 69024,Mr Harless,Mr Harless,,0.00,,,,
0.00 69025,La Muerta,La Muerta,,0.00,,,,
0.00 69026,Child's Play,Child's Play,,18.00,,,,
18.00 69027,ALasEstrellas,ALasEstrellas,,0.00,,,,
0.00 69028,***COCKTAILS***,***COCKTAILS***,,0.00,,,,
0.00 69029,***COCKTAILS***,***COCKTAILS***,,0.00,,,,
0.00 69030,***COCKTAILS***,***COCKTAILS***,,0.00,,,,
0.00 69031,***COCKTAILS***,***COCKTAILS***,,0.00,,,,
0.00 69032,***COCKTAILS***,***COCKTAILS***,,0.00,,,,
0.00 69033,***COCKTAILS***,***COCKTAILS***,,0.00,,,,
0.00 69034,***COCKTAILS***,***COCKTAILS***,,0.00,,,,
0.00 69035,***COCKTAILS***,***COCKTAILS***,,0.00,,,,
0.00 69036,***COCKTAILS***,***COCKTAILS***,,0.00,,,,
0.00 69037,***COCKTAILS***,***COCKTAILS***,,0.00,,,,
0.00 69038,***COCKTAILS***,***COCKTAILS***,,0.00,,,,
0.00 69039,***COCKTAILS***,***COCKTAILS***,,0.00,,,,
0.00 69040,***COCKTAILS***,***COCKTAILS***,,0.00,,,,
0.00 69041,***COCKTAILS***,***COCKTAILS***,,0.00,,,,
0.00 69042,***COCKTAILS***,***COCKTAILS***,,0.00,,,,
0.00 69043,***COCKTAILS***,***COCKTAILS***,,0.00,,,,
0.00 69044,***COCKTAILS***,***COCKTAILS***,,0.00,,,,
0.00 69045,***COCKTAILS***,***COCKTAILS***,,0.00,,,,
0.00 69046,***COCKTAILS***,***COCKTAILS***,,0.00,,,,
0.00 69047,***COCKTAILS***,***COCKTAILS***,,0.00,,,,
0.00 69048,***COCKTAILS***,***COCKTAILS***,,0.00,,,,
0.00 69049,***COCKTAILS***,***COCKTAILS***,,0.00,,,,
0.00 69050,***COCKTAILS***,***COCKTAILS***,,0.00,,,,
0.00 69051,Skinny Marg,Skinny Marg,,108.00,,,,
108.00 69052,Pineapple Infus,Pineapple Infus,,0.00,,,,
0.00 69053,StrawberryInfus,StrawberryInfus,,0.00,,,,
0.00 69054,***COCKTAILS***,***COCKTAILS***,,0.00,,,,
0.00 69055,***COCKTAILS***,***COCKTAILS***,,0.00,,,,
0.00 69056,***COCKTAILS***,***COCKTAILS***,,0.00,,,,
0.00 69057,***COCKTAILS***,***COCKTAILS***,,0.00,,,,
0.00 70000,**WINE**,**WINE**,,0.00,,,,
0.00 70001,GL Elouan PN,GL Elouan PN,,0.00,,,,
0.00 70002,BTL Elouan PN,BTL Elouan PN,,0.00,,,,
0.00 70003,G: A;ex Valley,G: A;ex Valley,,0.00,,,,
0.00 70004,BTL Alex Valley,BTL Alex Valley,,0.00,,,,
0.00 70005,GL Cappola Char,GL Cappola Char,,0.00,,,,
0.00 70006,BTL Cappola Cha,BTL Cappola Cha,,0.00,,,,
0.00 70007,GL King Estate,GL King Estate,,0.00,,,,
0.00 70008,BTL King Estate,BTL King Estate,,0.00,,,,
0.00 70009,GL Don Simon,GL Don Simon,,0.00,,,,
0.00 70010,BTL Don Simon,BTL Don Simon,,0.00,,,,
0.00 70011,GL Diablo rose,Gl Diablo rose,,0.00,,,,
0.00 70012,BT Diablo Rose,Btl Diablo Rose,,0.00,,,,
0.00 70013,Gl MuchoMas SB,Gl Mucho Mas SB,,0.00,,,,
0.00 70014,Bt MuchoMas SB,Bt Mucho Mas SB,,0.00,,,,
0.00 70015,GL ConSur Char,GL Con Sur Char,,16.00,,,,
16.00 70016,BT Con Sur Cha,BTL Con Sur Cha,,0.00,,,,
0.00 70017,GL Spoke W PN,GL Spok West PN,,0.00,,,,
0.00 70018,BTL Spok W PN,BTL Spok W PN,,0.00,,,,
0.00 70019,GL Sierra Gran,GL Sierra Gran,,0.00,,,,
0.00 70020,BT Sierra Gran,BTL Sierra Gran,,0.00,,,,
0.00 70021,GL Trapich Mal,GL Trapiche Mal,,9.00,,,,
9.00 70022,BT Trapich Mal,BTL Trapich Mal,,0.00,,,,
0.00 70023,GL Champagne,GL Champagne,,0.00,,,,
0.00 70024,BT Champagne,BTL Champagne,,0.00,,,,
0.00 70025,**WINE**,**WINE**,,0.00,,,,
0.00 70026,**WINE**,**WINE**,,0.00,,,,
0.00 70027,**WINE**,**WINE**,,0.00,,,,
0.00 70028,**WINE**,**WINE**,,0.00,,,,
0.00 70029,**WINE**,**WINE**,,0.00,,,,
0.00 70030,**WINE**,**WINE**,,0.00,,,,
0.00 70031,**WINE**,**WINE**,,0.00,,,,
0.00 70032,**WINE**,**WINE**,,0.00,,,,
0.00 70033,**WINE**,**WINE**,,0.00,,,,
0.00 70034,**WINE**,**WINE**,,0.00,,,,
0.00 70035,**WINE**,**WINE**,,0.00,,,,
0.00 70036,**WINE**,**WINE**,,0.00,,,,
0.00 70037,**WINE**,**WINE**,,0.00,,,,
0.00 70038,**WINE**,**WINE**,,0.00,,,,
0.00 70039,**WINE**,**WINE**,,0.00,,,,
0.00 70040,**WINE**,**WINE**,,0.00,,,,
0.00 70041,**WINE**,**WINE**,,0.00,,,,
0.00 70042,**WINE**,**WINE**,,0.00,,,,
0.00 70043,**WINE**,**WINE**,,0.00,,,,
0.00 70044,**WINE**,**WINE**,,0.00,,,,
0.00 70045,**WINE**,**WINE**,,0.00,,,,
0.00 70046,**WINE**,**WINE**,,0.00,,,,
0.00 70047,**WINE**,**WINE**,,0.00,,,,
0.00 70048,**WINE**,**WINE**,,0.00,,,,
0.00 70049,**WINE**,**WINE**,,0.00,,,,
0.00 70050,**WINE**,**WINE**,,0.00,,,,
0.00 71000,**WINE**,**WINE**,,0.00,,,,
0.00 71001,**WINE**,**WINE**,,0.00,,,,
0.00 71002,**WINE**,**WINE**,,0.00,,,,
0.00 71003,**WINE**,**WINE**,,0.00,,,,
0.00 71004,**WINE**,**WINE**,,0.00,,,,
0.00 71005,**WINE**,**WINE**,,0.00,,,,
0.00 71006,**WINE**,**WINE**,,0.00,,,,
0.00 71007,**WINE**,**WINE**,,0.00,,,,
0.00 71008,**WINE**,**WINE**,,0.00,,,,
0.00 71009,**WINE**,**WINE**,,0.00,,,,
0.00 71010,**WINE**,**WINE**,,0.00,,,,
0.00 71011,**WINE**,**WINE**,,0.00,,,,
0.00 71012,**WINE**,**WINE**,,0.00,,,,
0.00 71013,**WINE**,**WINE**,,0.00,,,,
0.00 71014,**WINE**,**WINE**,,0.00,,,,
0.00 71015,**WINE**,**WINE**,,0.00,,,,
0.00 71016,**WINE**,**WINE**,,0.00,,,,
0.00 71017,**WINE**,**WINE**,,0.00,,,,
0.00 71018,**WINE**,**WINE**,,0.00,,,,
0.00 71019,**WINE**,**WINE**,,0.00,,,,
0.00 71020,**WINE**,**WINE**,,0.00,,,,
0.00 71021,**WINE**,**WINE**,,0.00,,,,
0.00 71022,**WINE**,**WINE**,,0.00,,,,
0.00 71023,**WINE**,**WINE**,,0.00,,,,
0.00 71024,**WINE**,**WINE**,,0.00,,,,
0.00 71025,**WINE**,**WINE**,,0.00,,,,
0.00 71026,**WINE**,**WINE**,,0.00,,,,
0.00 71027,**WINE**,**WINE**,,0.00,,,,
0.00 71028,**WINE**,**WINE**,,0.00,,,,
0.00 71029,**WINE**,**WINE**,,0.00,,,,
0.00 71030,**WINE**,**WINE**,,0.00,,,,
0.00 71031,**WINE**,**WINE**,,0.00,,,,
0.00 71032,**WINE**,**WINE**,,0.00,,,,
0.00 71033,**WINE**,**WINE**,,0.00,,,,
0.00 71034,**WINE**,**WINE**,,0.00,,,,
0.00 71035,**WINE**,**WINE**,,0.00,,,,
0.00 71036,**WINE**,**WINE**,,0.00,,,,
0.00 71037,**WINE**,**WINE**,,0.00,,,,
0.00 71038,**WINE**,**WINE**,,0.00,,,,
0.00 71039,**WINE**,**WINE**,,0.00,,,,
0.00 71040,**WINE**,**WINE**,,0.00,,,,
0.00 71041,**WINE**,**WINE**,,0.00,,,,
0.00 71042,**WINE**,**WINE**,,0.00,,,,
0.00 71043,**WINE**,**WINE**,,0.00,,,,
0.00 71044,**WINE**,**WINE**,,0.00,,,,
0.00 71045,**WINE**,**WINE**,,0.00,,,,
0.00 71046,**WINE**,**WINE**,,0.00,,,,
0.00 71047,**WINE**,**WINE**,,0.00,,,,
0.00 71048,**WINE**,**WINE**,,0.00,,,,
0.00 71049,**WINE**,**WINE**,,0.00,,,,
0.00 71050,**WINE**,**WINE**,,0.00,,,,
0.00 71100,GLASS,GLASS,,0.00,,,,
0.00 71101,NO GLASS,NO GLASS,,0.00,,,,
0.00 71102,1 GLASS,1 GLASS,,0.00,,,,
0.00 71103,2 GLASSES,2 GLASSES,,0.00,,,,
0.00 71104,3 GLASSES,3 GLASSES,,0.00,,,,
0.00 71105,4 GLASSES,4 GLASSES,,0.00,,,,
0.00 71106,5 GLASSES,5 GLASSES,,0.00,,,,
0.00 71107,6 GLASSES,6 GLASSES,,0.00,,,,
0.00 71108,**WINE**,**WINE**,,0.00,,,,
0.00 71109,**WINE**,**WINE**,,0.00,,,,
0.00 71110,**WINE**,**WINE**,,0.00,,,,
0.00 95000,*BAR PREPS*,*BAR PREPS*,,0.00,,,,
0.00 95001,Rocks,Rocks,,0.00,,,,
0.00 95002,Tall,Tall,,0.00,,,,
0.00 95003,Up,Up,,0.00,,,,
0.00 95004,Neat,Neat,,0.00,,,,
0.00 95005,Dirty,Dirty,,0.00,,,,
0.00 95006,Salt,Salt,,0.00,,,,
0.00 95007,Sugar,Sugar,,0.00,,,,
0.00 95008,Lime,Lime,,0.00,,,,
0.00 95009,Lemon,Lemon,,0.00,,,,
0.00 95010,Twist,Twist,,0.00,,,,
0.00 95011,Olives,Olives,,0.00,,,,
0.00 95012,Onions,Onions,,0.00,,,,
0.00 95013,Dry,Dry,,0.00,,,,
0.00 95014, , ,,0.00,,,,
0.00 95015, , ,,0.00,,,,
0.00 95016, , ,,0.00,,,,
0.00 95017, , ,,0.00,,,,
0.00 95018, , ,,0.00,,,,
0.00 95019, , ,,0.00,,,,
0.00 95020,Water,Water,,0.00,,,,
0.00 95021, , ,,0.00,,,,
0.00 95022,Soda,Soda,,0.00,,,,
0.00 95023,Tonic,Tonic,,0.00,,,,
0.00 95024,Garnish,Garnish,,0.00,,,,
0.00 95025,Bitters,Bitters,,0.00,,,,
0.00 95026,Muddle,Muddle,,0.00,,,,
0.00 95027,Mint,Mint,,0.00,,,,
0.00 95028,Shaken,Shaken,,0.00,,,,
0.00 95029,Stirred,Stirred,,0.00,,,,
0.00 95030,Basil,Basil,,0.00,,,,
0.00 95031,Sage,Sage,,0.00,,,,
0.00 95032,Floater,Floater,,0.00,,,,
0.00 95033,Ice,Ice,,0.00,,,,
0.00 95034,Orange,Orange,,0.00,,,,
0.00 95035,Cherries,Cherries,,0.00,,,,
0.00 95036,Egg White,Egg White,,0.00,,,,
0.00 95037,Chilled,Chilled,,0.00,,,,
0.00 95038, , ,,0.00,,,,
0.00 95039, , ,,0.00,,,,
0.00 95040, , ,,0.00,,,,
0.00 95041, , ,,0.00,,,,
0.00 95500,>VODKA DRINKS<,>VODKA DRINKS<,,0.00,,,,
0.00 95501,MARTINI,MARTINI,,0.00,,,,
0.00 95502,GIMLET,GIMLET,,0.00,,,,
0.00 95503,COSMO,COSMO,,0.00,,,,
0.00 95504,SCREWDRIVER,SCREWDRIVER,,0.00,,,,
0.00 95505,BLOODY MARY,BLOODY MARY,,0.00,,,,
0.00 95506,GIBSON,GIBSON,,0.00,,,,
0.00 95507,WHITE RUSSIAN,WHITE RUSSIAN,,0.00,,,,
0.00 95508,BLACK RUSSIAN,BLACK RUSSIAN,,0.00,,,,
0.00 95509,SEA BREEZE,SEA BREEZE,,0.00,,,,
0.00 95510,Pink Lady,Pink Lady,,0.00,,,,
0.00 95511,Mule,Mule,,0.00,,,,
0.00 95600,>WHISKEY DRINK<,>WHISKEY DRINK<,,0.00,,,,
0.00 95601,MANHATTAN,MANHATTAN,,0.00,,,,
0.00 95602,OLD FASHIONED,OLD FASHIONED,,0.00,,,,
0.00 95603,RUSTY NAIL,RUSTY NAIL,,0.00,,,,
0.00 95604,MINT JULEP,MINT JULEP,,0.00,,,,
0.00 95605,SAZERAC,SAZERAC,,0.00,,,,
0.00 95700,>GIN DRINK<,>GIN DRINK<,,0.00,,,,
0.00 95701,MARTINI,MARTINI,,0.00,,,,
0.00 95702,GIN FIZZ,GIN FIZZ,,0.00,,,,
0.00 95703,GIMLET,GIMLET,,0.00,,,,
0.00 95704,Negroni,Negroni,,0.00,,,,
0.00 95705,FRENCH 75,FRENCH 75,,0.00,,,,
0.00 95800,>RUM DRINK<,>RUM DRINK<,,0.00,,,,
0.00 95801,RUM PUNCH,RUM PUNCH,,0.00,,,,
0.00 95802,RUM RUNNER,RUM RUNNER,,0.00,,,,
0.00 95803,MOJITO,MOJITO,,0.00,,,,
0.00 95804,DARK N STORMY,DARK N STORMY,,0.00,,,,
0.00 95805,PINA COLADA,PINA COLADA,,0.00,,,,
0.00 95806,DAIQUIRI,DAIQUIRI,,0.00,,,,
0.00 95900,>TEQUILA DRINK<,>TEQUILA DRINK<,,0.00,,,,
0.00 95901,TEQUILA SUNRISE,TEQUILA SUNRISE,,0.00,,,,
0.00 95902,MARGARITA,MARGARITA,,0.00,,,,
0.00 95903,PALOMA,PALOMA,,4.00,,,,
4.00 95904,BLOODY MARIA,BLOODY MARIA,,0.00,,,,
0.00 95905,MEXICAN MULE,MEXICAN MULE,,0.00,,,,
,,,,,,,,
,,,,,,,,
,,,,,,,,
,,,,,,,,
,,,,,,,,
,,,,,,,,
,,,,,,,,
,,,,,,,,
,,,,,,,,
,,,,,,,,
,,,,,,,,
,,,,,,,,
,,,,,,,,
,,,,,,,,
,,,,,,,,
,,,,,,,,
,,,,,,,,
,,,,,,,,
,,,,,,,,
,,,,,,,,
,,,,,,,,
,,,,,,,,
,,,,,,,,
,,,,,,,,
 ,,,,,,,,
Generated on 10/4/2022 at 5:17 PM,,,,,,,,
,,,,,,Page 1 of 1,,
